id,from,trigger,action,target,guard,region
A-S01-001,S01,click,navigate,S03,,task_list
A-S01-002,S01,click,navigate,S03,,task_list
A-S01-003,S01,click,mutate,,,task_list
A-S01-004,S01,click,open_overlay,M05,,topbar
A-S01-005,S01,change,mutate,,,topbar
A-S01-006,S01,change,mutate,,,topbar
A-S01-LSN01,S01,cache.refreshed,mutate,,,
A-S01-LSN02,S01,task.due.soon,mutate,,,
A-S01-LSN03,S01,nav.item.selected,navigate,S01,,
A-S01-LSN04,S01,action_queue.task_requested,open_overlay,M05,,
A-S01-LSN05,S01,action_queue.card_clicked,navigate,S03,,
A-S01-LSN06,S01,filter_bar.changed,mutate,,,
A-S01-LSN07,S01,filter_bar.cleared,mutate,,,
A-S02-001,S02,click,navigate,S03,,result_list
A-S02-002,S02,click,open_overlay,M02,,main
A-S02-003,S02,change,mutate,,,topbar
A-S02-004,S02,change,mutate,,,topbar
A-S02-005,S02,change,mutate,,,topbar
A-S02-006,S02,change,mutate,,,topbar
A-S02-007,S02,click,mutate,,,result_list
A-S02-008,S02,click,mutate,,,result_list
A-S02-LSN01,S02,global_search.submitted,mutate,,,
A-S02-LSN02,S02,global_search.query_changed,mutate,,,
A-S02-LSN03,S02,global_search.create_requested,open_overlay,M02,,
A-S02-LSN04,S02,filter_bar.changed,mutate,,,
A-S02-LSN05,S02,filter_bar.cleared,mutate,,,
A-S02-LSN06,S02,tag_chips.chip_clicked,mutate,,,
A-S03-001,S03,click,navigate,S02,,topbar
A-S03-002,S03,click,open_overlay,M04,,topbar
A-S03-003,S03,click,open_overlay,M03,,topbar
A-S03-004,S03,click,mutate,,,tab_bar
A-S03-005,S03,click,mutate,,,tab_bar
A-S03-006,S03,click,mutate,,,tab_bar
A-S03-007,S03,click,mutate,,,tab_bar
A-S03-008,S03,click,mutate,,,tab_bar
A-S03-009,S03,click,mutate,,,tab_bar
A-S03-010,S03,click,open_overlay,M06,,left_col
A-S03-011,S03,click,open_overlay,M08,,topbar
A-S03-012,S03,click,open_overlay,M05,,topbar
A-S03-LSN01,S03,cache.refreshed,mutate,,,
A-S03-LSN02,S03,party.merged,mutate,,,
A-S03-LSN03,S03,tag_chips.add_requested,open_overlay,M03,,
A-S03-LSN04,S03,tag_chips.remove_requested,mutate,,,
A-S03-LSN05,S03,tag_chips.chip_clicked,mutate,,,
A-S04-001,S04,click,mutate,,,candidate_list
A-S04-002,S04,click,open_overlay,M01,,detail_pane
A-S04-003,S04,click,mutate,,,detail_pane
A-S04-004,S04,click,mutate,,,detail_pane
A-S04-005,S04,click,navigate,S03,,detail_pane
A-S04-006,S04,click,navigate,S03,,detail_pane
A-S04-007,S04,change,mutate,,,topbar
A-S04-LSN01,S04,dedup.candidate.created,mutate,,,
A-S04-LSN02,S04,party.merged,mutate,,,
A-S05-001,S05,click,navigate,S06,,conv_list
A-S05-002,S05,change,mutate,,,topbar
A-S05-003,S05,change,mutate,,,topbar
A-S05-004,S05,click,mutate,,,topbar
A-S05-005,S05,click,open_overlay,M09,,conv_list
A-S05-LSN01,S05,chat.message.received,mutate,,,
A-S05-LSN02,S05,conversation.assigned,mutate,,,
A-S05-LSN03,S05,filter_bar.changed,mutate,,,
A-S05-LSN04,S05,filter_bar.cleared,mutate,,,
A-S06-001,S06,click,navigate,S05,,topbar
A-S06-002,S06,click,open_overlay,M10,,topbar
A-S06-003,S06,click,open_overlay,M08,,topbar
A-S06-004,S06,click,open_overlay,M09,,topbar
A-S06-005,S06,click,open_overlay,M11,,customer_sidebar
A-S06-006,S06,click,navigate,S03,,customer_sidebar
A-S06-LSN01,S06,chat.message.received,mutate,,,
A-S06-LSN02,S06,conversation.assigned,mutate,,,
A-S07-001,S07,click,open_overlay,M05,,topbar
A-S07-002,S07,click,navigate,S03,,board
A-S07-003,S07,click,mutate,,,board
A-S07-004,S07,drag_drop,mutate,,,board
A-S07-005,S07,change,mutate,,,topbar
A-S07-006,S07,change,mutate,,,topbar
A-S07-007,S07,click,mutate,,,topbar
A-S07-LSN01,S07,filter_bar.changed,mutate,,,
A-S07-LSN02,S07,filter_bar.cleared,mutate,,,
A-S08-001,S08,click,navigate,S09,,topbar
A-S08-002,S08,click,navigate,S09,,segment_list
A-S08-003,S08,click,navigate,S10,,segment_list
A-S08-004,S08,input,mutate,,,topbar
A-S08-LSN01,S08,segment.materialized,mutate,,,
A-S09-001,S09,click,navigate,S08,,topbar
A-S09-002,S09,click,mutate,,,rule_editor
A-S09-003,S09,change,mutate,,,rule_editor
A-S09-004,S09,click,mutate,,,rule_editor
A-S09-005,S09,click,mutate,,,preview_panel
A-S09-006,S09,click,mutate,,segment.name != '' && rule.conditions.length > 0,actions_bar
A-S09-007,S09,click,navigate,S08,,actions_bar
A-S09-008,S09,change,mutate,,,topbar
A-S09-LSN01,S09,segment.materialized,mutate,,,
A-S10-001,S10,click,open_overlay,M07,,topbar
A-S10-002,S10,click,navigate,S11,,campaign_list
A-S10-003,S10,change,mutate,,,topbar
A-S10-LSN01,S10,filter_bar.changed,mutate,,,
A-S10-LSN02,S10,filter_bar.cleared,mutate,,,
A-S11-001,S11,click,navigate,S10,,topbar
A-S11-002,S11,click,navigate,S03,,target_list
A-S11-003,S11,click,open_overlay,M12,,target_list
A-S11-004,S11,click,mutate,,,target_list
A-S11-005,S11,change,mutate,,,target_list
A-S11-006,S11,change,mutate,,,target_list
A-S11-007,S11,click,open_overlay,M07,,topbar
A-S11-LSN01,S11,campaign.target.converted,mutate,,,
A-S11-LSN02,S11,filter_bar.changed,mutate,,,
A-S11-LSN03,S11,filter_bar.cleared,mutate,,,
A-S12-001,S12,click,mutate,,,ad_campaign_list
A-S12-002,S12,change,mutate,,,topbar
A-S12-003,S12,change,mutate,,,topbar
A-S12-004,S12,click,mutate,,,stats_panel
A-S12-005,S12,click,navigate,S03,,stats_panel
A-S13-001,S13,click,mutate,,,settings_nav
A-S13-002,S13,click,mutate,,,settings_nav
A-S13-003,S13,click,mutate,,,settings_nav
A-S13-004,S13,click,open_overlay,M13,,settings_content
A-S13-005,S13,click,open_overlay,M13,,settings_content
A-S13-006,S13,click,open_overlay,O01,,settings_content
A-S13-007,S13,click,open_overlay,M14,,settings_content
A-S13-008,S13,click,mutate,,,settings_content
A-P01-001,P01,click,open_overlay,M05,,action_queue
A-P01-002,P01,click,mutate,,,signals_block
A-P01-LSN01,P01,cache.refreshed,mutate,,,
A-P01-LSN02,P01,freshness_badge.hovered,mutate,,,
A-P02-001,P02,click,mutate,,,order_list
A-P02-002,P02,click,open_overlay,M08,,toolbar
A-P03-001,P03,click,open_overlay,M08,,toolbar
A-P03-002,P03,change,mutate,,,toolbar
A-P03-003,P03,click,navigate,S06,,timeline
A-P04-001,P04,click,open_overlay,M05,,toolbar
A-P04-002,P04,click,mutate,,,task_list
A-P04-003,P04,click,open_overlay,M05,,task_list
A-P04-004,P04,change,mutate,,,toolbar
A-P05-001,P05,click,open_overlay,M08,,toolbar
A-P05-002,P05,click,open_overlay,M08,,notes_list
A-P05-003,P05,click,open_overlay,O01,,notes_list
A-P06-001,P06,click,navigate,S06,,conv_list
A-P06-002,P06,change,mutate,,,toolbar
A-M01-001,M01,click,close_overlay,return_to_invoker,,header
A-M01-002,M01,click,close_overlay,return_to_invoker,,actions
A-M01-003,M01,click,mutate,,confirm_checkbox.checked,actions
A-M02-001,M02,click,close_overlay,return_to_invoker,,header
A-M02-002,M02,click,close_overlay,return_to_invoker,,actions
A-M02-003,M02,click,mutate,,form.display_name != '' && form.phone.valid,actions
A-M02-004,M02,blur,mutate,,,body
A-M03-001,M03,click,close_overlay,return_to_invoker,,header
A-M03-002,M03,click,close_overlay,return_to_invoker,,actions
A-M03-003,M03,click,mutate,,,body
A-M03-004,M03,click,mutate,,,body
A-M03-005,M03,click,mutate,,,actions
A-M03-006,M03,input,mutate,,,body
A-M03-007,M03,click,open_overlay,M14,,body
A-M04-001,M04,click,close_overlay,return_to_invoker,,header
A-M04-002,M04,click,close_overlay,return_to_invoker,,actions
A-M04-003,M04,click,mutate,,selected_user_id != null,actions
A-M05-001,M05,click,close_overlay,return_to_invoker,,header
A-M05-002,M05,click,close_overlay,return_to_invoker,,actions
A-M05-003,M05,click,mutate,,form.title != '' && form.due_at != null,actions
A-M05-004,M05,blur,mutate,,,body
A-M06-001,M06,click,close_overlay,return_to_invoker,,header
A-M06-002,M06,click,close_overlay,return_to_invoker,,actions
A-M06-003,M06,click,mutate,,form.requiredFields.allValid,actions
A-M07-001,M07,click,close_overlay,return_to_invoker,,header
A-M07-002,M07,click,close_overlay,return_to_invoker,,actions
A-M07-003,M07,change,mutate,,,body
A-M07-004,M07,click,mutate,,form.name != '' && form.segment_id != null && form.scheduled_at != null,actions
A-M08-001,M08,click,close_overlay,return_to_invoker,,header
A-M08-002,M08,click,close_overlay,return_to_invoker,,actions
A-M08-003,M08,click,mutate,,form.content != '',actions
A-M09-001,M09,click,close_overlay,return_to_invoker,,header
A-M09-002,M09,click,close_overlay,return_to_invoker,,actions
A-M09-003,M09,click,mutate,,selected_user_id != null,actions
A-M10-001,M10,click,close_overlay,return_to_invoker,,header
A-M10-002,M10,click,close_overlay,return_to_invoker,,actions
A-M10-003,M10,click,mutate,,,actions
A-M11-001,M11,click,close_overlay,return_to_invoker,,header
A-M11-002,M11,click,close_overlay,return_to_invoker,,actions
A-M11-003,M11,input,mutate,,,body
A-M11-004,M11,click,mutate,,,body
A-M11-005,M11,click,mutate,,selected_party_id != null,actions
A-M11-006,M11,click,open_overlay,M02,,body
A-M12-001,M12,click,close_overlay,return_to_invoker,,header
A-M12-002,M12,click,close_overlay,return_to_invoker,,actions
A-M12-003,M12,blur,mutate,,,body
A-M12-004,M12,click,mutate,,form.order_code != '' || form.manual_revenue != null,actions
A-M13-001,M13,click,close_overlay,return_to_invoker,,header
A-M13-002,M13,click,close_overlay,return_to_invoker,,actions
A-M13-003,M13,change,mutate,,,body
A-M13-004,M13,click,mutate,,form.field_name != '' && form.display_label != '' && form.data_type != null,actions
A-M14-001,M14,click,close_overlay,return_to_invoker,,header
A-M14-002,M14,click,close_overlay,return_to_invoker,,actions
A-M14-003,M14,click,mutate,,form.name != '' && form.display_label != '',actions
A-O01-001,O01,click,close_overlay,,,content
A-O01-002,O01,click,close_overlay,,,actions
A-O01-003,O01,click,mutate,,,actions
A-O02-001,O02,click,close_overlay,,,content
A-O02-002,O02,click,close_overlay,,,content
A-O02-003,O02,click,navigate,S03,,actions
A-C01-001,C01,click,emit_event,,,
A-C01-002,C01,click,emit_event,,,
A-C01-003,C01,click,emit_event,,,
A-C01-004,C01,click,emit_event,,,
A-C01-005,C01,click,emit_event,,,
A-C01-006,C01,click,emit_event,,,
A-C01-007,C01,click,emit_event,,,
A-C01-008,C01,click,emit_event,,,
A-C01-009,C01,click,emit_event,,,
A-C02-001,C02,click,emit_event,,,
A-C02-002,C02,input,emit_event,,,
A-C02-003,C02,click,emit_event,,,
A-C03-001,C03,click,emit_event,,,
A-C03-002,C03,click,emit_event,,,
A-C04-001,C04,click,emit_event,,,
A-C04-002,C04,click,emit_event,,,
A-C04-003,C04,click,emit_event,,,
A-C05-001,C05,change,emit_event,,,
A-C05-002,C05,click,emit_event,,,
A-C06-001,C06,hover,emit_event,,,
A-SYS-001,SYS,system_event,mutate,,,
A-SYS-002,SYS,system_event,mutate,,,
A-SYS-003,SYS,system_event,mutate,,,
A-SYS-004,SYS,system_event,mutate,,,
A-SYS-005,SYS,system_event,mutate,,,
A-SYS-006,SYS,system_event,mutate,,,
